userName,score,at,content
MUHAMMAD RIZQY,5,2024-11-01 16:54:34,"Belanja di shopie memang murah serta hemat,tapi ada sebagian toko yg nakal tidak sesuai apa yang yang di pesan,kurirnya juga ramah,dan cepat,semoga shopie kedepan semakin sukses"
Jaka Hermawan,1,2024-11-01 16:44:18,"Males belanja di shopee ada 3-4 x biaya tambahan : Biaya Penanganan, Biaya Pelayanan, Biaya COD, belum lagi kalau top up shope pay udah ke potong admin bank, masih kepotong lagi aja saldo yang masuk, hadeeehhhhh"
Bakti S Situmorang,1,2024-11-01 14:33:44,"Saya merasa kecewa Karena saya udah beberapa kali beli barang dan yg saya dapat cuma hikmah nya doang, karena barang yg saya Terima sering tidak sesuai dan tidak lengkap Saya merasa sistem yang di terapkan untuk para toko masih kurang tegas Kalo seperti ini terus Akan menimbulkan kerugian pada banyak pengguna Shopee. Terutama pengguna baru Saya harap Shopee dapat mengatasi hal seperti ini Shopee harus mempertegas dan memberi sangsi bagi toko yg melakukan kesalahan"
kurijanto yap,5,2024-11-01 14:00:22,Mudah dlm browsing. responsif. variatif dlm pencarian barang. mudah dlm bertransaksi. the best for on line shopping. TAPI Member saya diturunin dari Platinum menjadi Gold Hmmmm ....
Laelatul Khoeriyyah,5,2024-11-01 12:52:25,Aplikasi penyediaan jual beli yg lengkap dan tampilannya paling menarik dibandingkan yg lainnya. Semoga ada bunga 0% terus untuk setiap pembelian cicilannya..
Ahma Rizal,2,2024-11-01 12:36:23,"Sy sudah menjadi pelanggan Shopee lebih dari 7 tahun dan belanja sudah puluhan juta, tapi sy sangat kecewa gara2 dua kali pesanan datang sy tdk berada ditempat sistem COD sy diblokir. Dan sejak itulah sy berhenti menjadi pelanggan shopee. Krn shopee tdk mempertimbangkan pembelanjaan yg sudah begitu banyak."
zul van,1,2024-11-01 08:31:00,"Kurir Pengirim barang dari shope Estimasi waktu semua nya Lebih dari 1 Minggu, padahal Sudah Upgred ke Regular alias Berbayar,., Bukan Yang Gratisan dari Vocer doang . 3 pesanan saya yg 1 pake Spx 15 hari baru sampe, 2 pake jnt expres pengirin Upgrea Ke Regular , estimasi tetap masih harus nunggu 10 Hari kalo nggak di Upgred barang sampai Nanti Tgl 18 , sekarang baru Tgl 1 Oktober, astaga Aneh saja, kalo saya belanja di Tokopedia Cuma Butuh 4 Hari malah ada yang 3 Hari samapai."
Rorona Zoro,3,2024-11-01 06:03:22,"Tolong di perbaiki lagi saya check out barang di tgl 29 Oktober dengan estimasi Tiba tgl 31 oktober-1 November pada saat tgl 30 pesanan tiba"" muncul tulisan selesai dan beri nilai sedangkan yg saya beli belum sampai ke alamat saya"
Lia Polii,1,2024-11-01 05:41:45,"Pengembalian barang dan dananya seakan2 sengaja di persulit sama shopee. Sudah mau 2 minggu pengembalian nya ngk jelas , di hubungi lewat live chat premium selalu di bilang masi dlm investigasi. Hy shopee kalian yg memilih jasa kirimnya , eh barang nya ngk nyampe di saya malah kalian yg menpersulit saya untuk pengembalian barang dan dana nya."
M repky erlangga Erlangga,5,2024-11-01 02:37:45,"Lumayan apk nya, bagus liat penilaiannya dan bintang yg di berikan ke setiap toko bisa di cek mantep jadi bisa lebih teliti lagi sebelum membeli dan pastinya lebih murah dan lebih sering ada free ongkir, dan untuk fitur cod cek dlunya mantap sihh jadi kita nggak khawatir di tipu sama tokonya"
Ø§Ø­ Ø¯Ù…ÙŠ Ø¨ØºØ³ ÙØ±Ø´Ø§Ø©,1,2024-11-01 02:20:58,"Shopee 2024 itu yang gua nilai= promo doang banyak,,gratis ongkir promoNya ,,cuma pengirimannya lelet,,||Dibanding LAZADA sama TOKOPEDIA jauhh ,siih,,pengiriman stiker di Cirebon ajah 3hari baru sampe,, sementara di lazada beda toko cuma lokasi samaÂ² Cirebon ,,2hari sampai,,,beda banget,,dah, Jadi tolong untuk pihak Shope Indonesia,,jangan hannya geber promo gratis ongkir,,liat lazada,,,mereka emang promo gratis ongkir ga segencar kalian[Shopee] cuma pengiriman paket itu cepet,,"
Zahra Oktaviani,2,2024-11-01 01:12:22,"apk nya baguss, tapi setiap mau chakout pasti selalu ada tulisan gagal meng checkout, udh berkaliÂ² hapus apk sama aj tetap ngk bisa, padalah hargaÂ² nya murahÂ² tapi ngk bisa chakout ğŸ˜”ğŸ«µğŸ»"
Mega Vaghela,5,2024-10-31 23:45:41,Kasih bintang 3 dulu kalau bagus saya kasih bintang 5 mohon di tingkat kan lagi aplikasi nya saya pengguna baru tapi sudah gak bisa menggunakan fitur cod & yang lebih sangat mengganggu sekali selalu muncul verivikasi & tidak bisa kembali ke menu slalu saja muncul verivikasi mohon perhatian nya
Findy Nur Alviani,1,2024-10-31 21:06:08,"Pesanan saya datang tgl 30 oktober, sudah langsung masuk tagihan .. letak PAYLATER 1 BULAN nya dimana kalo langsung masuk tagihan bulan ini juga ?? Serius gak nyaman saya jadinya pakai apk ini, padahal saya member platinum .. sudah pakai shopee bertahun-tahun .. shopee makin kesini makin ngeselin .."
Roesdianto Hadi Koesmoro,5,2024-10-31 18:25:49,Spinjam saya tidak pernah diacc padahal skor nilai saya sudah diatas 700an tapi tetap aja sama tidak di ACC katanya kalo nilai skor nya bagus tinggi semakin cepat tingkat pengajuannya dan peluang semakin besar tapi apa daya tetap sama aja
irfan nauli noor,4,2024-10-31 16:45:41,"Shopee banyak promo, masih bisa dapat promo gratis ongkir dan barang yang dijual banyak variasi, namun aplikasi shopee kalau dibuka berat, loading lama butuh waktu sekitar 1/2 menit sampai 1 menit agar aplikasi siap dijelajahi."
Yusup,5,2024-10-31 16:06:05,"Shopinya bagus,tapi pelayanan kurir nya yg tdk memuaskan,mereka gk mau ngantar pesanan ke alamat yg tertera di paket,khusus nya di daerah saya desa empang baru,kec lubuk dalam,kab siak,prov riau,mereka hanya menunggu paket nya di jemput oleh pelanggan di suatu tempat yg jarak nya kiloan KM,padahal akses jalan sumua bagus dan sudah ASPAL, TERIMAKASIH"
ujang Hamdani,5,2024-10-31 15:07:39,"Saya suka sekali dengan aplikasi shopee,sangat membantu,untuk belanja online.dan barang yang saya pesan selalu sesuai dengan pesanan.trimakasih shopee smoga sukses selaluğŸ‘ Dan saya mohon maaf yang sebesar besar nya saya mengalami keterlambatan untuk pembayaran cicilan dan pinjaman saya diaplikasi shopee. ada yang belum saya bayar.karena dana nya masih kurang.saya akan segera bayar secepatnya dan melunasinya."
Arya Wicaksana,5,2024-10-31 14:13:17,"belanja di shopee memang paling mudah diantara yg lain, cuma sayang, masih banyak pelapak yg menjual barang, tidak sesuai dengan yg difoto, dan kwalitas barang kadang jauh dari yg di iklankan, mohon shopee agar lebih selektif memilih pelapak."
Ynot Bussines,1,2024-10-31 13:27:28,"Hati2 buat penjual baru ataupun lama, pastikan kalian cek berapa besaran potongan admin dari tiap2 promo, apalagi promo berbayar, sama sekali tidak menguntungkan, buat kalian yg bermodal tipis, untung 500-2000 perak.. dan lagi harga ketentuan campaign juga sangat terlalu murah, setelah di potong admin, dll, alhasil barang kita laris tp merugi, jauh di bawah harga kita beli di distributor.. silahkan dikaji ulang sebelum anda memastikan buka olshop di aplikasi manapun.."
Darmani Dongkol,1,2024-10-31 13:19:43,"Setelah saya menggunakan aplikasi terbaru shope, saya bahkan tidak bisa mengirimkan pesan dengan nyaman. selalu gagal dan mengharuskan hapus cache, tetapi nyatanya pesan selalu berwarna merah! setiap kali penjual meminta mengirimkan video, selalu gagal dan bahkan pesan biasa yang dikirimkan setelah video itu pun tak kunjung terkirim. SUNGGUH MEMBUAT SAYA MERASA FRUSTASI!"
Novi Ananda,5,2024-10-31 12:49:25,Sangat bagus Dan harga nya murah murah Dan ada yang gratis ongkir di jamin ga nyesel lah kalau download shopee ayo cepet download shopee sekarang sebelum menyesal harga barang nya mulai Dari 1.000 aja loh foto sama hasil nya lo juga sesuai ekspektasi lo aku pernah beli barang ada empat murah murah semuanya lo Dan kurir nya ramah ramah banget aku beli sendal gunung lo murah banget cuman 33.000 gratis ongkir pula pokok nya harus download shopee biar gk menyesal dateng nya cepet banget dağŸ‘‹semuanya
Jhon Lenon,1,2024-10-31 12:34:47,"Shopee makin lama makin berat aplikasi nya, jaringan internet harus stabil.... kalau tidak stabil shopee lemot banget, padahal sinyal saya bagus... buka aplikasi lainnya bisa,lah ini buka shopee aja lemot nya bukan main... mau nge-refresh aja lama nya gak ngotak."
Silvi ana,5,2024-10-31 10:27:41,"Saya suka dengan aplikasi shope Bisa belanja dengan mudah, tanpa harus pergi keluar tinggal klik yang dibeli bisa belanja sesuai pilihan tanpa memilih terburuÂ² Shope toko Oren sangat membantu pembelanjaan dengan mudah dengan menggunakan gratis ongkir..dan metode COD terimakasih"
Ali Wardhana,4,2024-10-31 10:16:50,"ada bug yang menurut saya ganggu banget, bug nya tu di peta nya pas saya lihat masih di perjalanan (tidak bergerak) pas besok nya lagi masih seperti itu saya tunggu beberapa hari udah bisa, itu kenapa ya? tolong di perbaiki min saya kasih 1 bintang lagi ğŸ˜ğŸ™"
Nue bee,2,2024-10-31 08:59:58,Susah sekali mau Laporan video yang menipu ( barang yang divideokan beda dengan yang di link pembelian) juga video tidak berhubungan dengan belanja. Ini aplikasi belanja atau tiktok gosip. Ada juga beberapa konten tidak pantas
Khairul Amri,5,2024-10-31 04:58:11,"Untuk shopee saran saya jangan direcomendasi untuk exspedisi saat cod. Karna sebahagian exspedisi ada yang bergerak lambat dalam pengiriman paket. Biarkan konsumen menentukan pilihan masing""."
Yuwan Saputra,5,2024-10-31 02:44:15,"Bagus ni ada kemajuan,2x pesanan terakhir batas waktu pengemasan/pengiriman untuk penjual tidak terlalu lama kaya sebelumnya nyampe 5 hari. Gitu dong jadi pembeli tidak kecewa karena menunggu penjual mengemas pemesanan,harus tegas demi kenyamanan pembeli, kalau ga ada pembeli kan ga ada nih aplikasi"
Maryanti Hafrida,5,2024-10-30 23:05:02,Kalo lagi iseng2 paling suka scrol2 shopee murah2 harga nya lebih banyak sesuai ekspetasi walaupun kadang gambar sama real nya agak meleset tapi itu kesalahan toko bukan kesalahan aplikasi shopee nya. Para penjual nya aja peak hihi
Ex7offcial Ruthless,1,2024-10-30 22:56:16,"Makin kesini makin kesana nih aplikasi orange belanja online nih. Berat banget oi... Aplikasi nya. 1. Pas awal buka tumben tumbenan iPhone 12 pro max ku, untuk buka apk ini 10detik, biasanya paling lambat tuh 3 detik, 2. Buat search di pencarian, sering kali keluar sendiri dari aplikasi, itu kenapa oi admin..., 3. Mau liat barang dari foto gambar, malah nampil foto barangnya lama banget keluar gambarnya, kek nunggu janji cewek dandan bilang 5 menit tau bisa satu jam. Duh duh... Astaghfirullah.ğŸ¤¦"
Nurul Aini,1,2024-10-30 22:27:37,fitur Shopee garansi nya udah tidak tersedia kembali jadi kita bisa menghitung kapan ingin berbelanja harusnya ini tidak ada merugikan siapapun tapi jelasnya pihaknya semakin aneh!!!!!!!!
Oding Sevenfold,5,2024-10-30 21:35:37,"Secara keseluruhan bagus cuma kendalanya di pengiriman,tolong untuk kurir ""ANTERAJA"" hapus aja karena banyak banget yg kecewa pakai jasa itu,pengiriman lama, status pengiriman juga kadang suka ngaco"
Ellen M Leatemia,5,2024-10-30 20:48:00,"Pokoknya belanja di Shoppe TDK pernah mengecewakan, yaa wlpn terkadang ada juga yg TDK sesuai. Tp itulah belanja online. Tp utk sejauh ini, masih sangat membantu utk usaha saya. Terimakasih banyak Shopee utk bantuannya."
Noer Elma auliyanah,4,2024-10-30 13:46:19,"Skrg banyak banget biaya2. Klaim nya gratis ongkir, tapi ada biaya penangan segala sampe 4rb. Ditambah biaya lain2 nya. Sama aaja gk gratis ongkir. Balikin lagi metode awal shopee, padahal jdi pengguna setia shopee tuh krna bnyk gratis ongkirnya. Tapi skrg ada embel2 biaya2 segala macam. Jadi males, mengecewakan"
Ahmad Utani,4,2024-10-30 13:10:09,"Shopie nya udah bagus,tpi sayang kenapa kurir spx nya ga mau ganter sampai alamat,pdhl udah masuk jona lokasi,tolong lah pihak Shopie. Di aplikasi anter smpe alamat,tpi cod trus iah klo deket, ini 4 kiloan"
auah gelap,4,2024-10-30 05:21:26,"Tampilan skrng udh lumayan rapi, walau masih blm serapi layout toko sebelah tp okeyyy lah, trs juga udah lumayan lancar(gk terlalu berat bnget kek dulu), bug jg udh mulai berkurang, saran saya sih tolong gambar review dari pembeli di HD.in terus bisa di zoom biar makin apikğŸ”¥ krna kita sebagai calon pembeli lebih percaya gambar foto dri kolom review dari pada gambar yang tertera di penjual."
Me,3,2024-10-30 00:58:14,"Tolong untuk konfirmasi pesanan selesainya diubah lagi seperti sebelumnya 2 langkah yang muncul pop up konfirmasi. Karena yang sekarang saat saya scroll ga sengaja ke pencet pesanan selesai, langsung selesai begitu aja tanpa ada konfirmasi lagi, padahal masih dalam pengiriman."
FRAGIL IBNU SIDIQ,1,2024-10-29 17:54:46,"aplikasinya lambat dan sulit digunakan dibandingkan yang lain, dan voucher diskonnya juga gak ada gunanya. Pengiriman gratis cuma ada saat acara besar, jadi hampir nggak berharga. Aplikasi ini benar-benar membuang waktu dan bikin frustrasi."
Claudy Room,2,2024-10-29 11:59:48,"parah banget aplikasi shopee seringkali kebuka sendiri tanpa diklik, lagi asik2 youtube an tiba2 yutube nge freeze gara2 aplikasi shopee tiba2 buka dengan sendirinya, sangat mengganggu kenyamanan...terlalu agresif shopee skrg, notif2 clickbait sering bermunculan kayak ""selamat .......dana sebesar 100k akan ditransfer"""
Matin Santoso,3,2024-10-29 08:30:00,"Terdapat Bug pada versi terbaru di bagian microphone external saat melalukan livestreaming, suara tidak keluar dengan baik serta adanya delay dengan jeda cukup lama pada video livestreaming dan perangkat moderator. Device Google Pixel 3 dengan Android 12"
Friz Trooperz,1,2024-10-27 18:02:43,"Gratis ongkir hanya berlaku untuk kurir rekomendasi, yg mana seringkali berujung terpilihnya SPX. â Jelas, buyer masih bisa memilih ekspedisi yg diinginkan. Tapi kalau gratis ongkir cuma berlaku pada kurir rekomendasi, yg mana â€”bisa sajaâ€” berakhir pada ekspedisi yg reputasi dan pelayanannya tidak begitu baik di kota buyer, buyer terpaksa mempertaruhkan nasib paketnya."
jenzen (Kompas Jateng),1,2024-10-27 14:03:08,Parah bener aplikasi shoope versi terbaru. Menggunakan HP lama Samsung A02 membuka aplikasinya dan live streaming sangat sangat berat padahal koneksi saya sudah speed koneksi lebih dari 10Mbps masih saja berat banget bukanya.. ğŸ¤¦â€â™€ï¸ Jadi stress sendiri mau buka aplikasi shoope sekarang.
Syafira BajuMuslim,5,2024-10-27 06:09:57,"Terima kasih Shopee sudah mempermudah dalam berbelanja, tidak harus pergi2, barang diantar sampai rumah, mudah cari barang yg dibutuhkan, Banyak diskon... dan gratis ongkir... Tolong waktunya diperpanjang.. dipermudah cara untuk pengembalian dana /barang yg tidak cocok / tdk sesuai.. Pernah pengembalian dana dibatalkan karna kehabisan waktu.. tapi barangnya tidak kembali entah dimana.. karena blm tau caranya... Terima kasih"
09_Darmawati Santoso,1,2024-10-26 11:31:24,"kenapa sih sekarang shopee sering banget bermasalah karna apk yg gak mau kebuka, udah coba bersihin sampah chaca, di perbarui bahkan dh di hapus terus instal lagi tetep aja gak mau kebuka, padahal lagi butuh butuh nya malah kayak gini. tolong ya udh sebulan lebih shopee saya bermasalah kayak gini, semoga segera diperbaiki. makasih"
Gudang Rokok Cengkeh,5,2024-10-26 02:19:09,"Kalau bikin aplikasi apapun aplikasinya yang bisa di pakai di hp ram besar sama ram kecil,parah aplikasi shopee berat,ngelag,lemot,lelet.masa mau buka aplikasi ngelag gambar foto barang gak kebuka aplikasi shopee parah lelet,lemot,ngelag,kalau bisa kalau bikin barang apapun barangnya yang asli original,gambar sesuai,estimasi sesuai,yang cepat sampainya,gratis ongkir 10x,bisa bayar melalui kurir,masa mau belanja harus melalui alfa mart,dana,indomart,bca,payah,ukuran mb gak kira-kira 96mb.huuufz."
Nona Tresya,1,2024-10-26 01:03:31,"Jasa kirim di setiap toko didominasi oleh SPX reguler maupun hemat. Sementata SPX pengirimannya sangat lambat, di jasa kirim lain biasanya hanya 3 hari, barang sudah tiba ditempatku tapi jasa kirim SPX 1 minggu lebih baru tiba, walaupun ada voucher keterlambatan barang. Kurirnya juga biasa menunda2 untuk antar barang ke rumah customer. Tolong diperbaiki. Kalo tidak mampu punya jasa kirim sendiri lebih baik tetap bermitra sama jasa kirim yang berpengalaman biar ratingnya tidak turun."
Yeshua's Princess,1,2024-10-20 02:53:45,"Koq sekarang background profil user di Shopee berubah orange semua & ga bisa di-edit?? Silau banget mata memandangnya. Dulu background profil bisa dipilih kaya foto profil tapi sekarang backgroundnya otomatis orange! Dan lagi, kenapa skrg ga bisa pilih ekspedisi sendiri? Otomatis dipilihkan Shopee. Kalau dapat ekspedisi lemot, jadinya bikin emosi. Kembalikan seperti dulu lah Shopee biar kami nyaman belanjanya."
Jan Khim,1,2024-10-18 13:44:52,"Ini aplikasi emang kayak ajg slogan nya garansi tepat waktu tapi kok gw pesan barang 2 kali berturut turut gak nyampai tepat waktu, apalagi paket yang pertama udah gak tepat waktu+paket nya hilang lagi eh sekali gw pesan lagi yang kedua kalinya ditoko yang berbeda tapi kok datang nya ngak tepat waktu juga sih. emang ajg nih aplikasi malah barang nya mau dipakai besok pagi lagi (barang yang mau dibeli 1 set raket badminton untuk lomba) gw kecewa berat dulu gw kasik rating bintang 5 sekarang 1"
Agustian Dewa,1,2024-10-16 09:03:05,"Pengiriman SPX sekarang mengecewakan. Selalu tersangkut hub lain, garansi tepat waktunya tidak sesuai dengan iklan, padahal sudah pilih yang bukan hemat. Sebaiknya shopee mengubah kebijakan yang hanya pilihan SPX saja yang tertera untuk pengiriman. Munculkan lagi pilihan pengiriman seperti dulu yang bisa kita pilih. Sudah jelek sekali shoppe sekarang"
SeGerhana Family,1,2024-10-16 04:11:40,"Tiap beli barang, kurirnya auto SPX. Padahal SPX KINERJANYA TERAMAT SANGAT BURUK. Baik sebagai penjual / pembeli. Ngerasain 2 paket hilang hanya dalam 1 minggu. Pengiriman sangat lambat. SPX JASA KIRIM TERBURUK. Jijik lama lama pakai shopee, sebagai costumer tidak bisa lagi memilih jasa kirim yang di percaya. SPX JASA KIRIM YANG PALING GAK BISA DI PERCAYA."
Macruze Ali,4,2024-10-15 00:35:01,"Aplikasi nya terlalu bayak fitur, bikin hp lemot. Mungkin untuk penjual, dibuatkan aplikasi kusus untuk penjualan, agar lebih simpel, seperti aplikasi tokopedia saller, itu sangat bagus menurut q, mungkin dalam hal ini shopee bisa menirunya."
Latifah Kesi Nur Pratiwi,1,2024-10-12 11:29:04,"Sejak fitur bisa memilih ekspedisi dihilangkan, kami yg ada di daerah lumayan pelosok jadi malas pakai shopee. Alasannya karna hampir semua toko menggunakan SPX, sedangkan SPX di daerah kami sangat sangat lambat. Sudah beberapa kali paket kami datangnya lambat, sampai melebihi waktu estimasi tiba! Tolong aktifkan kembali fitur bisa memilih ekspedisi."
Senja,4,2024-10-04 09:47:49,"Selama pengalaman pakai Shopee baik, pengalaman berbelanja pun baik, meskipun ada voucher ttap mahal barang & tidak 100% gratis ongkir seperti di iklan kan, untuk luar pulau Jawa seperti kami ini.. Bug pasti ada saja cuma tidak terlalu yg gimana, apk nya minta upgrade rutin 1x dalam 1 bulan seperti biasa si tidak apa, tapi kenapa kali ini baru upgrade 5 hari lalu sekarang upgrade lagi, bug nya parah lelet & berat, padahal kapasitas HP masih longgar sinyal pun amann di apk lain aman."
Abdul Wahid S Pend,1,2024-10-02 02:21:20,"Pengiriman SPX sekarang mengecewakan. Selalu tersangkut hub lain, garansi tepat waktunya tidak sesuai dengan iklan, padahal sudah pilih yang bukan hemat. Sebaiknya shopee mengubah kebijakan yang hanya pilihan SPX saja yang tertera untuk pengiriman. Munculkan lagi pilihan pengiriman seperti dulu yang bisa kita pilih."
j. alfandi,5,2024-09-29 10:32:11,"Untuk aplikasi ini bagus, mudah digunakan. Tapi satu yan saya sedikit kecewa, pengiriman ke kaltim, kab kubar. Memakai SPX, itu sangat lambat dan juga pengiriman tidak tepat waktu, selalu lewat sari batas estimasi, kadang juga tidak di antar, harus ambil sendiimri, padahal sudah bayar ongkir sampai rumah Sebagai saran kalo bisa kayak sebelumnya memakai jasa J&T sajağŸ™"
Wirra Saputra,4,2024-09-20 15:40:49,Overall aplikasi ini sudah bagus tetapi tolong kalo di setiap iklan tuh jangan suka nyulik (membawa masuk ke dalam aplikasi padahal saya tidak ingin membukanya) dan juga untuk bug lebih di perbaiki lagi serta di optimalkan untuk aplikasi nya... Terimakasih
Saifullah Abidin,1,2024-09-17 19:05:01,"Shopee tambah tidak bagus dulu bisa milih jasa kirim sekarang otomatis akhirnya pengiriman sangat lambat. Saya pesan 2 barang berbeda dihari yang sama tapi shopee otomatis memilih kurir berbeda satu J&t dan satu SPX. Yang J&t udah sampai 1 minggu yang lalu SPX sampai sekarang belum sampai padahal sudah lewat estimasi. Cukup kecewa dengan shopee yang sekarang tidak bisa pilih jasa pengiriman, semoga kedepannya bisa diperbaiki."
Hot Channel,1,2024-09-17 16:51:53,"Makin kesini makin berat nih apk nya, terjadi kesalahan, tidak terhubung dll padahal WiFi lancar bgt (20mbps),Hh juga Ram 4+3Gb. Opsi pengiriman hanya yg rekomendasi shopee baru voucher gratis ongkir bisa di gunakan,kalau ganti jaskim lain voucher tidak berlaku. Mau pake versi lite opsi pengiriman,opsi pembayaran spay, tracking paket tidak ada.ğŸ¥±ğŸ˜”ğŸ˜” Makin kesini makin ribet, dan ruwet LamaÂ² pindah server."
Ika Adillah,2,2024-09-17 09:28:11,"shopee sekarang meskipun ada vocher kaya nggada bedanya, harus ada biaya layanan lah penanganan lah, belum lagi gratis ongkir harus ada minimal pembelian, pengiriman super lama, padahal cuma dari kota sebelah bisa sampe seminggu baru dateng, kek plislahh, kalo banyak biaya tambahan harusnya lebih nyaman belanjanya, saya pribadi sebagai pembeli merasa dirugikan.. mohon ditingkatkan kualitas online shopenya, jangan cuma biayanya yang dinaikanğŸ™‚ğŸ‘"
Terli Libertini,1,2024-09-17 05:57:07,"Bisa ngga iklannya ga sampe mengganggu orang gitu na Apaan coba sampe langsung buka aplikasinya dari iklan itu mengganggu banget, bisa kn hanya d cancel gtu aja hilang iklannya, d cancel malah masuk d aplikasi apaan coba, orang lain juga punya kesibukan. Silahkan bikin iklan tapi Janggan sampe menjengkelkan bgtu. Terlalu banyak iklan yg lain tapi d cancel hilang, ini kalau shopee beda.. di pikir kita tiap hari belajar ga ada kerjaan lain apa."
Dika Damiri,1,2024-09-15 12:40:28,"Aplikasi tidak bisa dibuka sesudah di-update bukanya tambah bagus fiturnya malahan banyak bug, apk tidak bisa dibuka cuman dihalaman intro pembukaan, apk kedip kedip saat dibuka gimana solusinya, jika ada seseorang yang memiliki hal yang sama terus jika dia melakukan transaksi gimana nanti??, sekian dari saya makasih, semoga diperbaiki lagi untuk bug bug nya"
Husein Worker,1,2024-09-14 23:55:03,"Satu kelemahan shoope adalah ketika ada kerjasama dengan kurir baru ketika kita order pasti auto pkai kurir bersangkutan mau cod, mau spaylater, atau transfer bank sma saja, lebih parahnya itu tidak bsa di rubah contoh transaksi spaylater byar nanti dan cod. Bagi pembeli pemula ini tidak apa"" karena tidak tau performa kurir, tp bagi yg memang sdh sering belanja tentu sdh hafal performa kurir di daerah masing"". Nyusahin sih harus bolak balik pilih toko yg gk pkai kurir bermasalah. #spe ex"
Laura Trostiko,1,2024-09-14 23:33:12,"Shopee sekarang beda dgn dulu . Voucher gratis ongkir dlu bisa di gunakan di semua ekspedisi , tapi skrg cuma berlaku sama ekspedisi yang di rekomendasikan shopee . Kalau mau yg lain ,voucher gratis/potongan ongkir tidak terpakai . Terus kalau mau pakai yang direkomendasikan , pengirimannya lama banget , Estimasinya 2-3 minggu . Maaf yaa shopee kalu begini terus costumernya akan mulai berkurang."
mfn,1,2024-09-14 01:57:58,"Update yang sekarang malah tambah jelek, terutama saat kita selesai Check out barang, kurir pengiriman nya langsung otomatis dari sistem, tidak bisa di ubah seperti sebelumnya, padahal kalau kurir pengiriaman nya bisa di ubah jadi lebih bagus bisa di pilih sesuai kemauan pembeli mau pakai kurir apa pengiriman nya . Semoga update selanjutnya bisa di buat kembali seperti dulu"
HPS TheMaskedMan,1,2024-09-13 15:43:17,"Web di dalam aplikasi, sering error, pesan tidak langsung ke sinkron, ini pada dasarnya aplikasi browser khusus buka shoope, jelek bener dari pada aplikasi sejenisnya. Please STOP POP UP. I CAME FOR BUYING NOT LOOKING USELESS ADDS.SPX jasa kirim langsung dari shoope jelek bener kalau bisa bintang minus , saya pilih itu dah."
Rika Rizqi,4,2024-09-12 06:02:40,"Hallo pihak Shopee, bisakah kembalikan ekspedisi jnt karna cma jnt blm mengalami masalah. Namun jika tidak bisa, maka mohon diperbaiki lagi expedisi SPX. karna ditempat saya kebanyakan lambat sekali sampai. Dan kebanyakan barangnya kalau gak hilang HILANG/YA dikembalikan oleh pihak kurir. Terimakasih!"
dhiel hamri,1,2024-09-10 13:02:54,"Saya sudah bertahun-tahun pakai shopee. Cuma sekarang mulai muak dengan expedisinya yang auto SPX yang super lemot itu. Tolong ya kondisikan lagi jasa kirim SPX anda yg super lelet itu. Kembalikan saja seperti dulu,bisa pilih jasa kirim. Atau banyak orang yg akan pindah ke aplikasi lain, karena rata-rata koment disni mengeluhkan hal yang sama. Tolong di tindak lanjuti keluhan pelanggan, atau rating aplikasi ini akan terus turun dan tidak laku lagi."
Martiyos,1,2024-09-09 22:33:07,"Ini lah salah satu kelemahan shoppy yg tidak mau berbenah dan tidak mau mendengarkan masukan dan terlalu memaksakan untuk memakai ekspedisi mereka yaitu SPX. Kenapa saat CO otomatis memakai expedisi SPX dan kenapa tidak sepeeti dulu lagi pembeli bebas memilih ekspedisi saat CO. Setiap pakai SPX slalu mengecewakan,estiminasi tidak akurat dan kurir jiga menunda nunda untuk mengantar Kan pesanan ke alamat. Tidak masuk akal pengiriman dalam pulau menggunakan SPX memakan waktu 2 minggu lebih."
Yulia Nelisda,1,2024-09-09 06:55:51,"Dear shopee. Awal saya pakai shopee sangat menarik. Bisa pilih ekspedisi mana untuk pengantaran paket. Dan banyak promo gratis ongkir. Setahun ini saya kecewa dengan shopee karna voucher gratis ongkirnya sedikit. Dan yg paling saya tidak suka adalah pengiriman melalui SPX. Namanya express tapi leletnya nauzubillah. Bahkan 3 hari lewat dri tggal estimasi. Terkadang sudah ""menuju alamat"" tp gak datang sampai besoknya."
Crazy Klixxx,1,2024-09-07 14:36:38,"Aplikasi sampah Mau pake yang hemat, reguler, spx juga tetep sama aja gk ada bedanya nyampenya tetep ditanggal yang sama malah cuman nambah biaya aja Aplikasinya juga selalu lemot, error, kebanyakan ngiklan dimana mana Lain kali optimalin lagi aplikasinya jangan kayak sampah"
Sule Shdn,1,2024-09-07 11:15:39,"Seneng belanja d shopee cuma karena toko y lengkep, terus rating sm ulasan pelanggan y jelas bisa d jadiin referensi sblm CO. Yg paling gk d sukai itu ekspedisi SPX y lelet bgt bikin pembeli gk nyaman buat belanja, d rekomendasikan otomatis kaya ekspedisi y paling paten aja. Masih mending kaya dulu bisa pilih ekspedisi sesuai kebutuhan customer, kualitas ekspedisi itu beda2 setiap kota jd klo d fokuskan sm 1 ekspedisi saja ya kacau jadinya."
mila ryz,1,2024-09-06 09:54:50,"Sekarang tidak bisa lagi pilih ekspedisi.. langsung otomatis dari sistem. sangat menyebalkan.. di tempatku, sicepat, jne, ninja itu kecepatan pengirimannya sangat buruk. Setelah bisa pilih ekspedisi mungkin nanti akan aku ubah ulasannya."
Silmaa Aliyaah,1,2024-09-06 02:43:30,"Aplikasi skrng banyak maunya. Biaya layanan banyak, tpi kualitaa pengirimannya semakin jelek. Kurir""nya jga nggak profesional, apalagi yg pake jasa spx itu. Barang lama dikirim, nggak sesuai timeline, nggak sabaran jga kurirnya, plus nggak profesional bgt. Kecewa bgt."
Wahyu Saputra,1,2024-09-04 02:51:36,"Sekarang lemot banget, respon lama, tombol back lola, jadi males buka nya... Update coment baru nih, makin buruk, baru buka aplikasi masih ok, halaman kebuka lancar, setelah masuk ke toko atau ke etalase halaman putih semua ga da gambar padahal speed internet kenceng ram lega memori lega... Kenapa???????????????? Bener2 buruk.........tambahan lagi nih,update sekarang buat scrol susah,harus di tengah2 baru bisa scoll....hadeh...hadeh...tambah buruk"
Bang Rewako,1,2024-09-03 21:36:55,aplikasi sekarang sudah bagus gak lambat loading seperti dulu lagi.. tapi sayang semenjak pengiriman di ambil alih oleh SPX barang yang tiba yang jadi lambat sampainya walau pun itu SPX REGULER bahkan di luar nalar.. makanya sekarang jadi malas beli barang di shopee.. KATANYA EXPRESS TAPI KOK LAMA..? KOCAK.. tolong perbaiki sistemnya terutama pengiriman yang masih ğŸ‘ğŸ¼ğŸ‘ğŸ¼ğŸ‘ğŸ¼
Sandips,1,2024-09-03 07:46:59,"Jasa kirim dipilih sama sistem itu ga efektif. Sistem lebih sering otomatis memilih SPX dibanding jasa kirim yang lain. Tapi nyatanya SPX ini emang ga bagus pengirimannya. Lemot. Salah sortir mulu, muter-muter susah banget sesuai sama tanggal estimasi. Kalo emang mau semua orang pake jada kirim dari pihak kalian (SPX) ya lebih baik benahi dulu cara kerja pengiriman kalian. Jangan masih belum teratur tapi 'maksa' secara halus gini."
Naura Kurniawan,2,2024-09-02 23:25:21,"Sangat menyebalkan ya kok beda estimasi kirim yang ditampilkan pada saat sebelum cekout 3-5,5-7 hari walau dengan pilihan subsidi ongkir. Tapi pas saat pengiriman menjadi 2 Minggu!!!!! Dikirim ia jalur darat/laut. Ini kenapa tidak diinput dari awal estimasi pengiriman disampaikan dgn jujur, kan kita bisa rubah pilihan kurir atau jasa ongkir!!!!!, Apalagi kalau sudah ""dipaksakan"" menggunakan kurir spx atau shopee express, alamat laaaaamaaaaa pastinya!!!"
Juni Harto,1,2024-09-02 11:31:59,"Lebih suka shoppe yg sebelum di update, pemilihan jasa kirim'nya mudah dan tetap bisa pakai gratis ongkir dibandingkan yg sekarang harus ikutin rekomendasi dari shoppe langsung, sedangkan kalo kita ubah terkadang malah kena biaya lgi bahkan gratis ongkir'nya malah tidak bisa digunakan, sedangkan untuk lokasi saya paling cepat pengiriman expedisi shoppe, semenjak di ubah gini malah jadi gak jelas jasa ekspedisi yg didapat dari pesanan saya,malah jadi lama pengiriman'nya. Tolong kembalikan lagi"
Agung Nugraha Pratama,1,2024-09-01 06:47:27,"Kecewa sekali dengan kemunduran shopee di bagian ekspedisinya. waktu itu ekspedisi bisa pilih sendiri mau pakai yg mana, sekarang semua pesanan dipaksa cuman bisa pakai spx yg dimana saya tahu kalo setiap pakai spx selalu mengecewakan, saya selalu menghindari menggunakan spx jika bisa memilih, namun kebijakan baru memaksa semua untuk pakai SPX, dan ini menjadi sebuah kemunduran menurut saya karena benar saja pengiriman menjadi lebih lambat dari biasanya, sebuah kebijakan yang membuat saya kecewa"
Siti Ayu Lestari,4,2024-08-31 21:50:36,"Tolong yaa pihak shopee, untuk jasa kirimnya jgn di atur otomatis sama sistem. Kalau bisa pembeli lah yang atur/memilih ekspedisi sendiri seperti yg laluÂ², jgn bisa pilih sendiri tp malah tidak ada potongan ongkir. Sy kurang setuju dgn kurir SPX yg selalu direkomendasikan, sebab kurir ekspedisi minta tambahan biaya diluar harga paket & Ongkir yg sdh tertera untuk pengantaran ke Alamat. Jadi saya merasa keberatan...karena tiap kali pengantaran paket ada tambahan biayanya terus."
Suci Rhamadany,1,2024-08-27 10:16:22,"parah banget sekarang shopee, ekspedisi harus dia yg tentuin, pakai SPX pula yg udah jelas"" selalu bermasalah di kurir nya dan selalu dapat rating jelek, mau ganti ekspedisi harus bayar tidak ada lagi gratis, fix gak bakal belanja disini lagi, sudah mudah di buat ribet dan makin kesini juga semakin cari untung terus, sekarang malah soal ekspedisi yg di otak atik, plisss lah kalau mau tetap di percaya sama customer tolong jgn banyak perubahan"" yg sangat merugikan customer."
Liok Lea Boham,2,2024-08-26 11:41:48,"dari dulu suka banget pake shopee, tapi skrg jadi males walaupun promo ongkir banyak, karena otomatis expedisinya pake SPX, sdgkn di daerah ku SPX payah banget, paket"" banyak yg ditimbun di gudang gak pernah di antar tau tau di retur, malah jadi bikin susah kita,apalgi kalo udah bayar jadi ribet banget"
Abram Erlanda,1,2024-08-26 02:29:46,"Sekarang pengiriman menjadi sangat lambat karena saat check out ekspedisi otomatis ditentukan oleh shopee jadi kalau seandainya dapat ekspedisi yang tidak jelas seperti: si cepat, id ekspres, & anteraja pengiriman jadi sangat lambat. Kalau dulu saat check out ekspedisi ditentukan oleh pembeli jadi bisa memilih ekspedisi yang jelas seperti : pos, jne, j&t, dan spx."
Maldion Ayang,1,2024-08-25 23:17:27,"Kecewa dengan shopee, sekarang expedisi nya ditentukan ke SPX, expedisi yg lain tidak bisa pakai voucher gratis ongkir, ini bukan kebijakan untuk pelanggan tapi kebijakan untuk pihak shopee. Tolong kembalikan seperti dulu yg expedisi nya semua bisa pakai gratis ongkir, Expedisi SPX sangat lama pengiriman nya, tolong kembalikan seperti dulu."
Acil Tv,2,2024-08-25 09:51:53,"6.6 kalu saya beri 2 bintang. Sekarang 13.8 masih saya beri 2 bintang. Kenapa? Karena shopee se enaknya menggunakan pilihan expedisi SPX tanpa bisa di ubah lg. Klu pun di ubah voucher gratis ongkir jd tdk bisa di gunakan & harus berbayar jika menggunaakan expedisi lain.. Sedangkan SPX di tempat saya pelayanannya sangat buruk. Tidak ada konfirmasi barang dr kurir,kadang keterangan paket penerima tidak ada (padahal di rumah) & hal buruk lainnya. Mohon di kembalikan seperti semula ğŸ™ğŸ™"
Mira Lestari,2,2024-08-24 21:30:52,"Parah banget sih skrg, shopee udah ga kayak dulu bisa pilih ekspedisi sendiri. Ngaco skrg SPX mulu, nyampainya lama bgt. Yang biasanya pakai jnt 5-7 hari, skrg SPX mau 20 hari baru sampai. Bisa ga sih masalah opsi pengiriman (ekspedisi) di ubah kayak dulu lagi, pembeli bisa nentuin sendiri mau pakai ekspedisi apa."
Starplus Farma,1,2024-08-24 08:00:19,"Kenapa ketika mau order pilih ekspedisi tidak bisa, padahal penjual sudah aktifin jasa pengiriman J&T, tapi kenapa yang muncul cuma SPX aja, tolong dong dibikin fleksibel kaya dulu lagi kak. Padahal sudah nyaman pakai shopee tapi kenapa sekarang malah ribet. Terimakasih"
Yopi Fauzi,1,2024-08-23 11:59:24,"Kecewa dengan shoppe sekarang expedisi nya di tentukan ke spx,expedisi yg lain tidak bisa pakai voucher gratis ongkir nya,,ini bukan kebijakan untuk pelanggan,tapi kebijakan untuk pihak shoppe Tolong di kembalikan seperti dulu yg expedisi nya semua bisa gratis ongkir Expedisi spx lama pengiriman nya"
Destiny The Lovers,3,2024-08-22 21:18:09,"Shopee kurang memuaskan sekarang, tolong dong untuk pengiriman bisa milih expedisi sebelum co.. Dan juga lebih bagus Shopee dulu, saat ada kesalahan dalam co kita bisa cancel tanpa perlu persetujuan penjual.. Sekarang meski nunggu persetujuan penjual, kesannya kaya maksa pembeli harus beli yg sudah di co.. Apalagi kalau dapat expedisi yg lama, rasanya gak ikhlas sudah co.. duhh lama2 kek gini bisa berpindah aplikasi lain.. Saran saya lebih baik Shopee pengaturan nya seperti yg lama."
zakiy janju,1,2024-08-22 05:30:20,"Upgrade aneh Vocer ny cuman buat expedisi terpilih shopee aja. Masa gak bisa di pilih. Banyak gak cuma saya yg punya kendala dan masalah dalam pengiriman di expedisi tersebut, sampai paket di retur otomatis karena kesalahan expedisi yang terlambat. Bisa pilih expedisi cuman kemahalan ongkir ny karena vocer tidak di dukung untuk expedisi tersebut ğŸ˜¡ Balikin kaya dulu lah min"
syar mila,1,2024-08-21 15:28:34,saya gak suka sama kebijakan shopee sekarang semua pengiriman dimasukan ke spx kalau mau mengubah dikenakan biaya yg begitu mahal asli kecewa sama update terbaru nya sekarang hampir 3th setia belanja dishope nyaman nyaman aja sekarang gak nyaman sama expedisi yg di rekomen mana kemaren paket saya hilang pake spx sudah lah hilang lama banget barang datangnya!!!! lebih suka pake J&T sudah terpecaya menurut saya pribadi yg suka mengunakan jasa J&T ketimbang lainnya.
Ibn ThaHha,1,2024-08-21 03:58:27,Saya selali mendapatkan Kurir yang tidak ranah lingkungan. Mungkin perlu di briefing lagi cara untuk menjadi Kurir dengan layanan yang Baik. Saya merasa menjadi Kurir tidak ada S.O.P nya. Hanya Butuh bisa Naik kendaraan Dan mengantar barang sudah cukup. Padahal tidak...
Atika Maiya,3,2024-08-21 01:28:13,"Pelayanan penjualnya rerata ramah dan baik, tapi, yang BURUK ekspedisi pengirimannya. Benar bisa diubah sebelum check out barang, itupun kalau kita sebagai pembeli paham/ingat mengubah pengirimannya, di samping itu ongkirnya bisa jadi lebih MAHAL daripada barang yang mau dibeli. Min, jujur saya jauh lebih SUKA aplikasi yang versi lama, yang semahal-mahalnya ongkir masih di batas WAJAR. Kalau yang sekarang apalagi berdasarkan rek apk HARUS banget ya? pakai ekspedisi yang KUALITASnya kureng gitu?"
Noe Az Tristianto,1,2024-08-20 00:38:22,"Kecewaaa.. kasih bintang 1. Setelah update malah Gak bisa ubah di pilihan expedisi, jadi suka-suka pihak aplikasi mau dikirim apa tanpa tahu apakah expedisi tersebut sering bermasalah atau tidak. Jika bisa diubah itupun tidak berlaku voucher ongkir nya. Intinya suka-suka pihak aplikasi pilih rekomendasi expedisi apa. Kasian yang beli makin repot seperti aku nih.."
Santi AD,2,2024-08-19 23:06:20,Tolong shopee kembalikan pilihan ubah ekspedisi setelah pembayaran. Karena untuk pengiriman SPX di Daerah saya super lama sekali. Bisa sampai 3 minggu. Bahkan paket saya pernah hilang beberapa kali karna ekspedisi SPX ini. Semoga bisa kembali ke Fitur lama. Saya sangat merasa dirugikan dgn ekspedisi SPX
ZVAR,2,2024-08-18 04:53:36,"Update terbaru ga bisa rubah ekspedisi lagi setelah checkout, bisa rubah hanya pas checkout dan itupun tidak free ongkir. Yg free ongkir hanya rekomen dsri shopee. Tolong ubah fitur itu ke versi sebelumnya karna saya pribadi kurang suka dengan ekspedisi spx standard."
Lala Meywang,1,2024-08-14 10:34:07,"Setelah saya upgrade applikasinya, kini Terlalu sering minta verifikasi Mau like produk, masukin ke troli, sampai mau CO pun harus diverifikasi. Tolong dihilangkan, sangat mempersulit. Dah gitu terlalu sering halaman gagal dan loading lama banget. Awalnya saya kira HP saya yg error. Ternyata punya teman juga sama. Applikasinya makin jelek Tolong diperbaiki."
reren reren,1,2024-08-13 18:54:51,"Shopee kenapa sih maksa banget kalo ngasih ekspedisi/jasa pengiriman. Saya gak mau pake SPX tapi dikasih nya yg SPX, gak bisa milih sudah disetting sama shopee nya begitu. Saya gak mau pakai SPX karna lama datang nya bisa 2minggu baru diantar tuh barang, padahal pakai ongkir reguler bukan ongkir hemat. mau ambil sendiri tapi gak bisa gak tau letak kantornya dimana kayak tersembunyi. makanya kalo barang udah nyampe cepat diantar malah dibiarkan lama2 di gudang nya bikin customer/pelanggan jengkel"
yatnooe tuminah,3,2024-08-12 14:20:20,"Sebenernya belanja terus disini. tapi akhir2 ini mau check out harus masuk verikasi keamanan,mending kalo langsung bisa . Bolak balik kagak bisa cuma tulisan ""terjadi kesalahan sistem ..silahkan mencoba lagi"""" chat CHIKO CS jg gitu..""maaf terjadi kesalahan sistem. Update selalu ikut update tp malah tambah susah bukan tambah gampang . Banyak fitur tp malah kagak berfaedah kalo sistem bermasalah terus munculnya"
Rudianto Sembiring,1,2024-08-12 13:52:33,"ğŸ˜ Ganti bintang. Sejak 2017 hingga 2023 bintang 5... Jawabannya, mohon maaf atas ketidaknyamanannya, tidak nyaman itu biasa, tapi kalau dirugikan itu luar biasa !!!! Sistem bisa diubah oleh permasalahan. Bukan sebaliknya permasalahan harus diselesaikan oleh sistem . Logika tidak, jika kesalahan murni dilakukan oleh penjual, tapi yang terbeban pembeli. Sistemnya juga udah ngaco di shopee ini. Pilihan pengembalian barang muncul Indomaret, JNE, Jnt dll. Tapi ketika di klik langsung muncul resi J&T."
